{
  "human": {
    "Classic": 1.0,
    "Block-PRNG-Hash": 0.8444444444444444,
    "RSA": 0.9764705882352941,
    "DLP": 0.7078651685393258,
    "Lattice": 0.6568047337278107,
    "ECC": 0.57,
    "Homemade": 0.875,
    "Others": 0.888235294117647,
    "Total": 0.811623246492986
  },
  "o3-high": {
    "Classic": 0.5555555555555556,
    "Block-PRNG-Hash": 0.5806451612903226,
    "RSA": 0.7575757575757576,
    "DLP": 0.6,
    "Lattice": 0.20833333333333334,
    "ECC": 0.3076923076923077,
    "Homemade": 0.75,
    "Others": 0.5,
    "Total": 0.54
  },
  "doubao-seed-1.6": {
    "Classic": 0.3333333333333333,
    "Block-PRNG-Hash": 0.1935483870967742,
    "RSA": 0.5454545454545454,
    "DLP": 0.1,
    "Lattice": 0.08333333333333333,
    "ECC": 0.15384615384615385,
    "Homemade": 0.4166666666666667,
    "Others": 0.1111111111111111,
    "Total": 0.26
  },
  "o3": {
    "Classic": 0.5555555555555556,
    "Block-PRNG-Hash": 0.5483870967741935,
    "RSA": 0.7272727272727273,
    "DLP": 0.4,
    "Lattice": 0.16666666666666666,
    "ECC": 0.3076923076923077,
    "Homemade": 0.75,
    "Others": 0.3888888888888889,
    "Total": 0.49333333333333335
  },
  "claude-4.0-sonnet": {
    "Classic": 0.4444444444444444,
    "Block-PRNG-Hash": 0.2903225806451613,
    "RSA": 0.6363636363636364,
    "DLP": 0.1,
    "Lattice": 0.08333333333333333,
    "ECC": 0.07692307692307693,
    "Homemade": 0.4166666666666667,
    "Others": 0.2222222222222222,
    "Total": 0.31333333333333335
  },
  "deepseek-v3": {
    "Classic": 0.3333333333333333,
    "Block-PRNG-Hash": 0.0967741935483871,
    "RSA": 0.42424242424242425,
    "DLP": 0.0,
    "Lattice": 0.08333333333333333,
    "ECC": 0.07692307692307693,
    "Homemade": 0.08333333333333333,
    "Others": 0.05555555555555555,
    "Total": 0.16666666666666666
  },
  "o3-mini-high": {
    "Classic": 0.5555555555555556,
    "Block-PRNG-Hash": 0.3870967741935484,
    "RSA": 0.6060606060606061,
    "DLP": 0.2,
    "Lattice": 0.125,
    "ECC": 0.15384615384615385,
    "Homemade": 0.5,
    "Others": 0.1111111111111111,
    "Total": 0.3466666666666667
  },
  "o1": {
    "Classic": 0.2222222222222222,
    "Block-PRNG-Hash": 0.25806451612903225,
    "RSA": 0.6060606060606061,
    "DLP": 0.0,
    "Lattice": 0.08333333333333333,
    "ECC": 0.07692307692307693,
    "Homemade": 0.25,
    "Others": 0.1111111111111111,
    "Total": 0.25333333333333335
  },
  "o3-mini": {
    "Classic": 0.3333333333333333,
    "Block-PRNG-Hash": 0.3225806451612903,
    "RSA": 0.6363636363636364,
    "DLP": 0.1,
    "Lattice": 0.08333333333333333,
    "ECC": 0.07692307692307693,
    "Homemade": 0.4166666666666667,
    "Others": 0.16666666666666666,
    "Total": 0.30666666666666664
  },
  "o4-mini": {
    "Classic": 0.4444444444444444,
    "Block-PRNG-Hash": 0.3225806451612903,
    "RSA": 0.7272727272727273,
    "DLP": 0.1,
    "Lattice": 0.08333333333333333,
    "ECC": 0.07692307692307693,
    "Homemade": 0.5,
    "Others": 0.16666666666666666,
    "Total": 0.34
  },
  "doubao-seed-1.6-thinking": {
    "Classic": 0.3333333333333333,
    "Block-PRNG-Hash": 0.3548387096774194,
    "RSA": 0.6060606060606061,
    "DLP": 0.1,
    "Lattice": 0.08333333333333333,
    "ECC": 0.07692307692307693,
    "Homemade": 0.4166666666666667,
    "Others": 0.1111111111111111,
    "Total": 0.3
  },
  "gpt-4.1": {
    "Classic": 0.2222222222222222,
    "Block-PRNG-Hash": 0.1935483870967742,
    "RSA": 0.5757575757575758,
    "DLP": 0.1,
    "Lattice": 0.08333333333333333,
    "ECC": 0.07692307692307693,
    "Homemade": 0.25,
    "Others": 0.1111111111111111,
    "Total": 0.24
  },
  "deepseek-r1": {
    "Classic": 0.4444444444444444,
    "Block-PRNG-Hash": 0.2903225806451613,
    "RSA": 0.5454545454545454,
    "DLP": 0.1,
    "Lattice": 0.08333333333333333,
    "ECC": 0.15384615384615385,
    "Homemade": 0.5,
    "Others": 0.1111111111111111,
    "Total": 0.29333333333333333
  },
  "claude-3.7-sonnet-thinking": {
    "Classic": 0.5555555555555556,
    "Block-PRNG-Hash": 0.22580645161290322,
    "RSA": 0.6363636363636364,
    "DLP": 0.1,
    "Lattice": 0.08333333333333333,
    "ECC": 0.07692307692307693,
    "Homemade": 0.3333333333333333,
    "Others": 0.05555555555555555,
    "Total": 0.28
  },
  "claude-3.7-sonnet": {
    "Classic": 0.4444444444444444,
    "Block-PRNG-Hash": 0.22580645161290322,
    "RSA": 0.6363636363636364,
    "DLP": 0.1,
    "Lattice": 0.125,
    "ECC": 0.07692307692307693,
    "Homemade": 0.3333333333333333,
    "Others": 0.1111111111111111,
    "Total": 0.2866666666666667
  },
  "o4-mini-high": {
    "Classic": 0.6666666666666666,
    "Block-PRNG-Hash": 0.45161290322580644,
    "RSA": 0.7878787878787878,
    "DLP": 0.1,
    "Lattice": 0.16666666666666666,
    "ECC": 0.3076923076923077,
    "Homemade": 0.6666666666666666,
    "Others": 0.3333333333333333,
    "Total": 0.46
  },
  "claude-4.0-sonnet-thinking": {
    "Classic": 0.4444444444444444,
    "Block-PRNG-Hash": 0.25806451612903225,
    "RSA": 0.6060606060606061,
    "DLP": 0.1,
    "Lattice": 0.125,
    "ECC": 0.07692307692307693,
    "Homemade": 0.3333333333333333,
    "Others": 0.2222222222222222,
    "Total": 0.3
  },
  "gemini-2.5-pro-preview": {
    "Classic": 0.6666666666666666,
    "Block-PRNG-Hash": 0.5483870967741935,
    "RSA": 0.8181818181818182,
    "DLP": 0.4,
    "Lattice": 0.2916666666666667,
    "ECC": 0.38461538461538464,
    "Homemade": 0.75,
    "Others": 0.4444444444444444,
    "Total": 0.5533333333333333
  }
}