{
    "gpt-4.1": {
        "mcq": 0.8962962962962963,
        "ctf": 0.24,
        "proof": 0.4515151515151515,
        "total": 1.5878114478114476
    },
    "o1": {
        "mcq": 0.9407407407407408,
        "ctf": 0.25333333333333335,
        "proof": 0.503030303030303,
        "total": 1.697104377104377
    },
    "o3-high": {
        "mcq": 0.9555555555555556,
        "ctf": 0.54,
        "proof": 0.842424242424242,
        "total": 2.3379797979797976
    },
    "o3": {
        "mcq": 0.9777777777777777,
        "ctf": 0.49333333333333335,
        "proof": 0.775757575757576,
        "total": 2.246868686868687
    },
    "o3-mini": {
        "mcq": 0.9259259259259259,
        "ctf": 0.30666666666666664,
        "proof": 0.5424242424242424,
        "total": 1.7750168350168352
    },
    "o3-mini-high": {
        "mcq": 0.9407407407407408,
        "ctf": 0.3466666666666667,
        "proof": 0.49696969696969695,
        "total": 1.7843771043771044
    },
    "o4-mini": {
        "mcq": 0.9481481481481482,
        "ctf": 0.34,
        "proof": 0.509090909090909,
        "total": 1.7972390572390573
    },
    "o4-mini-high": {
        "mcq": 0.9555555555555556,
        "ctf": 0.46,
        "proof": 0.6212121212121212,
        "total": 2.036767676767677
    },
    "claude-3.7-sonnet": {
        "mcq": 0.8814814814814815,
        "ctf": 0.2866666666666667,
        "proof": 0.6181818181818182,
        "total": 1.7863299663299663
    },
    "claude-3.7-sonnet-thinking": {
        "mcq": 0.9185185185185185,
        "ctf": 0.28,
        "proof": 0.6696969696969698,
        "total": 1.8682154882154882
    },
    "claude-4.0-sonnet": {
        "mcq": 0.9037037037037037,
        "ctf": 0.31333333333333335,
        "proof": 0.5878787878787879,
        "total": 1.8049158249158248
    },
    "claude-4.0-sonnet-thinking": {
        "mcq": 0.9111111111111111,
        "ctf": 0.3,
        "proof": 0.7181818181818181,
        "total": 1.929292929292929
    },
    "gemini-2.5-pro-preview": {
        "mcq": 0.9481481481481482,
        "ctf": 0.5533333333333333,
        "proof": 0.8454545454545455,
        "total": 2.346936026936027
    },
    "deepseek-v3": {
        "mcq": 0.8740740740740741,
        "ctf": 0.16666666666666666,
        "proof": 0.3484848484848485,
        "total": 1.3892255892255894
    },
    "deepseek-r1": {
        "mcq": 0.9259259259259259,
        "ctf": 0.29333333333333333,
        "proof": 0.6818181818181818,
        "total": 1.9010774410774411
    },
    "doubao-seed-1.6": {
        "mcq": 0.8444444444444444,
        "ctf": 0.26,
        "proof": 0.42727272727272725,
        "total": 1.5317171717171716
    },
    "doubao-seed-1.6-thinking": {
        "mcq": 0.9185185185185185,
        "ctf": 0.3,
        "proof": 0.6696969696969698,
        "total": 1.8882154882154882
    },
    "human": {
        "mcq": 0.775308641,
        "ctf": 0.8116,
        "proof": 0.8806,
        "total": 2.4675086410000002
    }
}