{
  "o3": {
    "math": 0.9523809523809523,
    "classic": 1.0,
    "symmetric": 1.0,
    "asymmetric": 0.9473684210526315,
    "misc": 1.0,
    "total": 0.9777777777777777
  },
  "o4-mini-high": {
    "math": 0.9523809523809523,
    "classic": 1.0,
    "symmetric": 0.9512195121951219,
    "asymmetric": 0.9473684210526315,
    "misc": 0.9615384615384616,
    "total": 0.9555555555555556
  },
  "o3-high": {
    "math": 0.9523809523809523,
    "classic": 0.8888888888888888,
    "symmetric": 0.9512195121951219,
    "asymmetric": 0.9473684210526315,
    "misc": 1.0,
    "total": 0.9555555555555556
  },
  "o4-mini": {
    "math": 0.9523809523809523,
    "classic": 1.0,
    "symmetric": 0.9512195121951219,
    "asymmetric": 0.9210526315789473,
    "misc": 0.9615384615384616,
    "total": 0.9481481481481482
  },
  "gemini-2.5-pro-preview": {
    "math": 0.9523809523809523,
    "classic": 0.8888888888888888,
    "symmetric": 0.975609756097561,
    "asymmetric": 0.9210526315789473,
    "misc": 0.9615384615384616,
    "total": 0.9481481481481482
  },
  "o1": {
    "math": 0.9047619047619048,
    "classic": 0.8888888888888888,
    "symmetric": 0.9512195121951219,
    "asymmetric": 0.9473684210526315,
    "misc": 0.9615384615384616,
    "total": 0.9407407407407408
  },
  "o3-mini-high": {
    "math": 0.9523809523809523,
    "classic": 1.0,
    "symmetric": 0.975609756097561,
    "asymmetric": 0.868421052631579,
    "misc": 0.9615384615384616,
    "total": 0.9407407407407408
  },
  "o3-mini": {
    "math": 0.9523809523809523,
    "classic": 0.8888888888888888,
    "symmetric": 0.926829268292683,
    "asymmetric": 0.8947368421052632,
    "misc": 0.9615384615384616,
    "total": 0.9259259259259259
  },
  "deepseek-r1": {
    "math": 0.9523809523809523,
    "classic": 0.8888888888888888,
    "symmetric": 0.926829268292683,
    "asymmetric": 0.8947368421052632,
    "misc": 0.9615384615384616,
    "total": 0.9259259259259259
  },
  "claude-3.7-sonnet-thinking": {
    "math": 0.9523809523809523,
    "classic": 0.7777777777777778,
    "symmetric": 0.9024390243902439,
    "asymmetric": 0.9473684210526315,
    "misc": 0.9230769230769231,
    "total": 0.9185185185185185
  },
  "doubao-seed-1.6-thinking": {
    "math": 0.9523809523809523,
    "classic": 0.8888888888888888,
    "symmetric": 0.926829268292683,
    "asymmetric": 0.868421052631579,
    "misc": 0.9615384615384616,
    "total": 0.9185185185185185
  },
  "claude-4.0-sonnet-thinking": {
    "math": 0.9047619047619048,
    "classic": 0.8888888888888888,
    "symmetric": 0.9512195121951219,
    "asymmetric": 0.8947368421052632,
    "misc": 0.8846153846153846,
    "total": 0.9111111111111111
  },
  "claude-4.0-sonnet": {
    "math": 0.9047619047619048,
    "classic": 1.0,
    "symmetric": 0.926829268292683,
    "asymmetric": 0.8947368421052632,
    "misc": 0.8461538461538461,
    "total": 0.9037037037037037
  },
  "gpt-4.1": {
    "math": 0.9523809523809523,
    "classic": 0.8888888888888888,
    "symmetric": 0.8536585365853658,
    "asymmetric": 0.868421052631579,
    "misc": 0.9615384615384616,
    "total": 0.8962962962962963
  },
  "claude-3.7-sonnet": {
    "math": 0.9047619047619048,
    "classic": 0.8888888888888888,
    "symmetric": 0.8292682926829268,
    "asymmetric": 0.8947368421052632,
    "misc": 0.9230769230769231,
    "total": 0.8814814814814815
  },
  "deepseek-v3": {
    "math": 0.9523809523809523,
    "classic": 0.6666666666666666,
    "symmetric": 0.926829268292683,
    "asymmetric": 0.8157894736842105,
    "misc": 0.8846153846153846,
    "total": 0.8740740740740741
  },
  "doubao-seed-1.6": {
    "math": 0.8571428571428571,
    "classic": 0.6666666666666666,
    "symmetric": 0.8048780487804879,
    "asymmetric": 0.8947368421052632,
    "misc": 0.8846153846153846,
    "total": 0.8444444444444444
  },
  "human1": {
    "math": 0.9523809523809523,
    "classic": 0.3333333333333333,
    "symmetric": 0.7560975609756098,
    "asymmetric": 0.868421052631579,
    "misc": 0.7307692307692307,
    "total": 0.7851851851851852
  },
  "human2": {
    "math": 1.0,
    "classic": 0.5555555555555556,
    "symmetric": 0.7560975609756098,
    "asymmetric": 0.8157894736842105,
    "misc": 0.6923076923076923,
    "total": 0.7851851851851852
  },
  "human3": {
    "math": 0.8571428571428571,
    "classic": 0.6666666666666666,
    "symmetric": 0.6585365853658537,
    "asymmetric": 0.8421052631578947,
    "misc": 0.7307692307692307,
    "total": 0.7555555555555555
  }
}