{
  "human": {
    "FUN": 83.04347826086955,
    "PR": 85.37037037037038,
    "ENC": 95.18518518518519,
    "SIGNATURE": 96.0,
    "total": 88.06060606060605
  },
  "gemini-2.5-pro-preview": {
    "FUN": 69.56521739130434,
    "PR": 82.4074074074074,
    "ENC": 98.14814814814815,
    "SIGNATURE": 100.0,
    "total": 84.54545454545455
  },
  "o3-high": {
    "FUN": 65.21739130434783,
    "PR": 87.96296296296296,
    "ENC": 95.37037037037037,
    "SIGNATURE": 100.0,
    "total": 84.24242424242424
  },
  "o3": {
    "FUN": 52.17391304347826,
    "PR": 80.55555555555556,
    "ENC": 93.51851851851852,
    "SIGNATURE": 100.0,
    "total": 77.57575757575758
  },
  "claude-4.0-sonnet-thinking": {
    "FUN": 59.78260869565217,
    "PR": 62.96296296296296,
    "ENC": 87.03703703703704,
    "SIGNATURE": 100.0,
    "total": 71.81818181818181
  },
  "deepseek-r1": {
    "FUN": 52.17391304347826,
    "PR": 66.66666666666666,
    "ENC": 97.22222222222221,
    "SIGNATURE": 0.0,
    "total": 68.18181818181817
  },
  "doubao-seed-1.6-thinking": {
    "FUN": 63.04347826086957,
    "PR": 57.407407407407405,
    "ENC": 76.85185185185185,
    "SIGNATURE": 90.0,
    "total": 66.96969696969697
  },
  "claude-3.7-sonnet-thinking": {
    "FUN": 52.17391304347826,
    "PR": 62.96296296296296,
    "ENC": 78.70370370370371,
    "SIGNATURE": 100.0,
    "total": 66.96969696969697
  },
  "o4-mini-high": {
    "FUN": 51.08695652173913,
    "PR": 55.55555555555556,
    "ENC": 72.22222222222221,
    "SIGNATURE": 100.0,
    "total": 62.121212121212125
  },
  "claude-3.7-sonnet": {
    "FUN": 47.82608695652174,
    "PR": 45.370370370370374,
    "ENC": 84.25925925925925,
    "SIGNATURE": 100.0,
    "total": 61.81818181818181
  },
  "claude-4.0-sonnet": {
    "FUN": 56.52173913043478,
    "PR": 50.0,
    "ENC": 62.96296296296296,
    "SIGNATURE": 100.0,
    "total": 58.78787878787879
  },
  "o3-mini": {
    "FUN": 41.30434782608695,
    "PR": 38.88888888888889,
    "ENC": 77.77777777777779,
    "SIGNATURE": 75.0,
    "total": 54.24242424242425
  },
  "o4-mini": {
    "FUN": 23.91304347826087,
    "PR": 37.03703703703704,
    "ENC": 88.88888888888889,
    "SIGNATURE": 50.0,
    "total": 50.90909090909091
  },
  "o1": {
    "FUN": 23.91304347826087,
    "PR": 35.18518518518518,
    "ENC": 79.62962962962963,
    "SIGNATURE": 100.0,
    "total": 50.303030303030305
  },
  "o3-mini-high": {
    "FUN": 36.95652173913043,
    "PR": 37.03703703703704,
    "ENC": 83.33333333333334,
    "SIGNATURE": 0.0,
    "total": 49.696969696969695
  },
  "gpt-4.1": {
    "FUN": 47.82608695652174,
    "PR": 15.74074074074074,
    "ENC": 62.96296296296296,
    "SIGNATURE": 100.0,
    "total": 45.151515151515156
  },
  "doubao-seed-1.6": {
    "FUN": 30.434782608695656,
    "PR": 35.18518518518518,
    "ENC": 69.44444444444444,
    "SIGNATURE": 0.0,
    "total": 42.72727272727273
  },
  "deepseek-v3": {
    "FUN": 17.391304347826086,
    "PR": 32.407407407407405,
    "ENC": 50.0,
    "SIGNATURE": 50.0,
    "total": 34.84848484848485
  }
}